{
	"pages": [ //pages数组中第一项表示应用启动页，参考：https://uniapp.dcloud.io/collocation/pages
	     {
	     	"path" : "pages/login/login",
	     	"style" : 
	     	{
	     		"navigationBarTitleText" : "Login"
	     	}
	     },
	     
	     {
	     	"path" : "pages/regist/regist",
	     	"style" : 
	     	{
	     		"navigationBarTitleText" : "Register"
	     	}
	     },
	     
	     {
	     	"path" : "pages/user/user",
	     	"style" : 
	     	{
	     		"navigationBarTitleText" : "personal center"
	     	}
	     },
		 {
		 	"path" : "pages/main/main",
		 	"style" : 
		 	{
		 		"navigationBarTitleText" : "Home"
		 	}
		 },
	     {
	     	"path" : "pages/userupdate/userupdate",
	     	"style" : 
	     	{
	     		"navigationBarTitleText" : "Personal Information"
	     	}
	     },
		 {
		 	"path" : "pages/doctorupdate/doctorupdate",
		 	"style" : 
		 	{
		 		"navigationBarTitleText" : "Personal Information"
		 	}
		 },
		 {
		 	"path" : "pages/doctorpass/doctorpass",
		 	"style" : 
		 	{
		 		"navigationBarTitleText" : "Change Password"
		 	}
		 },
	     {
	     	"path" : "pages/updatepass/updatepass",
	     	"style" : 
	     	{
	     		"navigationBarTitleText" : "Change Password"
	     	}
	     },
		{
			"path": "pages/index/index",
			"style": {
				"navigationBarTitleText": "uni-app"
			}
		},
		{
			"path" : "pages/hospital/hospital",
			"style" : 
			{
				"navigationBarTitleText" : "Hospital"
			}
		},
		{
			"path" : "pages/section/section",
			"style" : 
			{
				"navigationBarTitleText" : "Section"
			}
		},
		{
			"path" : "pages/doctor/doctor",
			"style" : 
			{
				"navigationBarTitleText" : "Doctor"
			}
		},
		{
			"path" : "pages/doctorxq/doctorxq",
			"style" : 
			{
				"navigationBarTitleText" : "Doctor details"
			}
		},
		{
			"path" : "pages/calendar/calendar",
			"style" : 
			{
				"navigationBarTitleText" : "Calendar"
			}
		},
		{
			"path" : "pages/details/details",
			"style" : 
			{
				"navigationBarTitleText" : "Details"
			}
		},
		{
			"path" : "pages/remind/remind",
			"style" : 
			{
				"navigationBarTitleText" : "Remind"
			}
		},
		{
			"path" : "pages/Doctormain/Doctormain",
			"style" : 
			{
				"navigationBarTitleText" : "DoctorHome"
			}
		},
		{
			"path" : "pages/patient/patient",
			"style" : 
			{
				"navigationBarTitleText" : "Patient"
			}
		},
		{
			"path" : "pages/patientdetails/patientdetails",
			"style" : 
			{
				"navigationBarTitleText" : "PatientDetails"
			}
		},
		{
			"path" : "pages/allpatient/allpatient",
			"style" : 
			{
				"navigationBarTitleText" : "All Patient"
			}
		},
		{
			"path" : "pages/record/record",
			"style" : 
			{
				"navigationBarTitleText" : "Medical Record"
			}
		},
		{
			"path" : "pages/consultant/consultant",
			"style" : 
			{
				"navigationBarTitleText" : "Online Consultant"
			}
		},
		{
			"path" : "pages/remindxq/remindxq",
			"style" : 
			{
				"navigationBarTitleText" : "details"
			}
		},
		{
			"path" : "pages/search/search",
			"style" : 
			{
				"navigationBarTitleText" : "Search"
			}
		}
	],
	"globalStyle": {
		"navigationBarTextStyle": "black",
		"navigationBarTitleText": "uni-app",
		"navigationBarBackgroundColor": "#F8F8F8",
		"backgroundColor": "#F8F8F8"
	},
	"tabBar": {
			"color": "#bfbfbf",
			"selectedColor": "#1296db",
			"borderStyle": "black",
			"backgroundColor": "#ffffff",
			"list": [{
				"pagePath": "pages/main/main",
				"iconPath": "static/sy_wxz.png",
				"selectedIconPath": "static/sy_xz.png",
				"text": "Home"
			},{
				"pagePath": "pages/user/user",
				"iconPath": "static/user_wxz.png",
				"selectedIconPath": "static/user_xz.png",
				"text": "My"
			}]
		},
	"uniIdRouter": {}
}
