<?xml version="1.0" encoding="UTF-8"?>
<!DOCTYPE mapper PUBLIC "-//mybatis.org//DTD Mapper 3.0//EN" "http://mybatis.org/dtd/mybatis-3-mapper.dtd">
<mapper namespace="com.wzh.dao.ChatMapper">
  <resultMap id="BaseResultMap" type="com.wzh.model.Chat">
    <id column="id" jdbcType="VARCHAR" property="id" />
    <result column="uid" jdbcType="VARCHAR" property="uid" />
    <result column="did" jdbcType="VARCHAR" property="did" />
    <result column="content" jdbcType="VARCHAR" property="content" />
    <result column="time" jdbcType="TIMESTAMP" property="time" />
  </resultMap>
  <sql id="Base_Column_List">
    id, uid, did, content, time
  </sql>
  <select id="selectuserAll" parameterType="java.lang.String" resultMap="BaseResultMap">
	SELECT m.*,u.id as userid,u.head,u.nickname FROM chat m
      LEFT JOIN user u on u.id = m.uid
      WHERE (m.uid = #{uid} or m.did = #{uid}) and (m.uid = #{did} or m.did = #{did})
				ORDER BY m.time asc
  </select>
  <select id="selectByPrimaryKey" parameterType="java.lang.String" resultMap="BaseResultMap">
    select 
    <include refid="Base_Column_List" />
    from chat
    where id = #{id,jdbcType=VARCHAR}
  </select>
  <delete id="deleteByPrimaryKey" parameterType="java.lang.String">
    delete from chat
    where id = #{id,jdbcType=VARCHAR}
  </delete>
  <insert id="insert" parameterType="com.wzh.model.Chat">
    insert into chat (id, uid, did, 
      content, time)
    values (#{id,jdbcType=VARCHAR}, #{uid,jdbcType=VARCHAR}, #{did,jdbcType=VARCHAR}, 
      #{content,jdbcType=VARCHAR}, #{time,jdbcType=TIMESTAMP})
  </insert>
  <insert id="insertSelective" parameterType="com.wzh.model.Chat">
    insert into chat
    <trim prefix="(" suffix=")" suffixOverrides=",">
      <if test="id != null">
        id,
      </if>
      <if test="uid != null">
        uid,
      </if>
      <if test="did != null">
        did,
      </if>
      <if test="content != null">
        content,
      </if>
      <if test="time != null">
        time,
      </if>
    </trim>
    <trim prefix="values (" suffix=")" suffixOverrides=",">
      <if test="id != null">
        #{id,jdbcType=VARCHAR},
      </if>
      <if test="uid != null">
        #{uid,jdbcType=VARCHAR},
      </if>
      <if test="did != null">
        #{did,jdbcType=VARCHAR},
      </if>
      <if test="content != null">
        #{content,jdbcType=VARCHAR},
      </if>
      <if test="time != null">
        #{time,jdbcType=TIMESTAMP},
      </if>
    </trim>
  </insert>
  <update id="updateByPrimaryKeySelective" parameterType="com.wzh.model.Chat">
    update chat
    <set>
      <if test="uid != null">
        uid = #{uid,jdbcType=VARCHAR},
      </if>
      <if test="did != null">
        did = #{did,jdbcType=VARCHAR},
      </if>
      <if test="content != null">
        content = #{content,jdbcType=VARCHAR},
      </if>
      <if test="time != null">
        time = #{time,jdbcType=TIMESTAMP},
      </if>
    </set>
    where id = #{id,jdbcType=VARCHAR}
  </update>
  <update id="updateByPrimaryKey" parameterType="com.wzh.model.Chat">
    update chat
    set uid = #{uid,jdbcType=VARCHAR},
      did = #{did,jdbcType=VARCHAR},
      content = #{content,jdbcType=VARCHAR},
      time = #{time,jdbcType=TIMESTAMP}
    where id = #{id,jdbcType=VARCHAR}
  </update>

</mapper>