<?xml version="1.0" encoding="UTF-8"?>
<!DOCTYPE mapper PUBLIC "-//mybatis.org//DTD Mapper 3.0//EN" "http://mybatis.org/dtd/mybatis-3-mapper.dtd">
<mapper namespace="com.wzh.dao.DoctorMapper">
  <resultMap id="BaseResultMap" type="com.wzh.model.Doctor">
    <id column="id" jdbcType="VARCHAR" property="id" />
    <result column="name" jdbcType="VARCHAR" property="name" />
    <result column="post" jdbcType="VARCHAR" property="post" />
    <result column="head" jdbcType="VARCHAR" property="head" />
    <result column="specialty" jdbcType="VARCHAR" property="specialty" />
    <result column="focusareas" jdbcType="VARCHAR" property="focusareas" />
    <result column="hid" jdbcType="VARCHAR" property="hid" />
    <result column="sid" jdbcType="VARCHAR" property="sid" />
    <result column="username" jdbcType="VARCHAR" property="username" />
    <result column="pass" jdbcType="VARCHAR" property="pass" />
  </resultMap>
  <sql id="Base_Column_List">
    id, name, post, head, specialty, focusareas, hid, sid, username, pass
  </sql>
  <select id="getByUsername" parameterType="java.lang.String" resultMap="BaseResultMap">
    select
    <include refid="Base_Column_List" />
    from doctor where username = #{username}
  </select>
  <select id="findAll" parameterType="java.lang.String" resultMap="BaseResultMap">
    SELECT d.*,s.name as sname,h.name as hname FROM doctor d
    LEFT JOIN section s on s.id = d.sid
    LEFT JOIN hospital h on h.id = d.hid
    <where>
      <if test="name != null and name != ''">
        and d.name like '%${name}%'
      </if>
      <if test="hid != null and hid != ''">
        and d.hid = #{hid,jdbcType=VARCHAR}
      </if>
      <if test="sid != null and sid != ''">
        and d.sid = #{sid,jdbcType=VARCHAR}
      </if>
    </where>
  </select>
  <select id="selectByPrimaryKey" parameterType="java.lang.String" resultMap="BaseResultMap">
    select 
    <include refid="Base_Column_List" />
    from doctor
    where id = #{id,jdbcType=VARCHAR}
  </select>
  <delete id="deleteByPrimaryKey" parameterType="java.lang.String">
    delete from doctor
    where id = #{id,jdbcType=VARCHAR}
  </delete>
  <insert id="insert" parameterType="com.wzh.model.Doctor">
    insert into doctor (id, name, post, 
      head, specialty, focusareas, 
      hid, sid, username, 
      pass)
    values (#{id,jdbcType=VARCHAR}, #{name,jdbcType=VARCHAR}, #{post,jdbcType=VARCHAR}, 
      #{head,jdbcType=VARCHAR}, #{specialty,jdbcType=VARCHAR}, #{focusareas,jdbcType=VARCHAR}, 
      #{hid,jdbcType=VARCHAR}, #{sid,jdbcType=VARCHAR}, #{username,jdbcType=VARCHAR}, 
      #{pass,jdbcType=VARCHAR})
  </insert>
  <insert id="insertSelective" parameterType="com.wzh.model.Doctor">
    insert into doctor
    <trim prefix="(" suffix=")" suffixOverrides=",">
      <if test="id != null">
        id,
      </if>
      <if test="name != null">
        name,
      </if>
      <if test="post != null">
        post,
      </if>
      <if test="head != null">
        head,
      </if>
      <if test="specialty != null">
        specialty,
      </if>
      <if test="focusareas != null">
        focusareas,
      </if>
      <if test="hid != null">
        hid,
      </if>
      <if test="sid != null">
        sid,
      </if>
      <if test="username != null">
        username,
      </if>
      <if test="pass != null">
        pass,
      </if>
    </trim>
    <trim prefix="values (" suffix=")" suffixOverrides=",">
      <if test="id != null">
        #{id,jdbcType=VARCHAR},
      </if>
      <if test="name != null">
        #{name,jdbcType=VARCHAR},
      </if>
      <if test="post != null">
        #{post,jdbcType=VARCHAR},
      </if>
      <if test="head != null">
        #{head,jdbcType=VARCHAR},
      </if>
      <if test="specialty != null">
        #{specialty,jdbcType=VARCHAR},
      </if>
      <if test="focusareas != null">
        #{focusareas,jdbcType=VARCHAR},
      </if>
      <if test="hid != null">
        #{hid,jdbcType=VARCHAR},
      </if>
      <if test="sid != null">
        #{sid,jdbcType=VARCHAR},
      </if>
      <if test="username != null">
        #{username,jdbcType=VARCHAR},
      </if>
      <if test="pass != null">
        #{pass,jdbcType=VARCHAR},
      </if>
    </trim>
  </insert>
  <update id="updateByPrimaryKeySelective" parameterType="com.wzh.model.Doctor">
    update doctor
    <set>
      <if test="name != null">
        name = #{name,jdbcType=VARCHAR},
      </if>
      <if test="post != null">
        post = #{post,jdbcType=VARCHAR},
      </if>
      <if test="head != null">
        head = #{head,jdbcType=VARCHAR},
      </if>
      <if test="specialty != null">
        specialty = #{specialty,jdbcType=VARCHAR},
      </if>
      <if test="focusareas != null">
        focusareas = #{focusareas,jdbcType=VARCHAR},
      </if>
      <if test="hid != null">
        hid = #{hid,jdbcType=VARCHAR},
      </if>
      <if test="sid != null">
        sid = #{sid,jdbcType=VARCHAR},
      </if>
      <if test="username != null">
        username = #{username,jdbcType=VARCHAR},
      </if>
      <if test="pass != null">
        pass = #{pass,jdbcType=VARCHAR},
      </if>
    </set>
    where id = #{id,jdbcType=VARCHAR}
  </update>
  <update id="updateByPrimaryKey" parameterType="com.wzh.model.Doctor">
    update doctor
    set name = #{name,jdbcType=VARCHAR},
      post = #{post,jdbcType=VARCHAR},
      head = #{head,jdbcType=VARCHAR},
      specialty = #{specialty,jdbcType=VARCHAR},
      focusareas = #{focusareas,jdbcType=VARCHAR},
      hid = #{hid,jdbcType=VARCHAR},
      sid = #{sid,jdbcType=VARCHAR},
      username = #{username,jdbcType=VARCHAR},
      pass = #{pass,jdbcType=VARCHAR}
    where id = #{id,jdbcType=VARCHAR}
  </update>

</mapper>