<?xml version="1.0" encoding="UTF-8"?>
<!DOCTYPE mapper PUBLIC "-//mybatis.org//DTD Mapper 3.0//EN" "http://mybatis.org/dtd/mybatis-3-mapper.dtd">
<mapper namespace="com.wzh.dao.RemindMapper">
  <resultMap id="BaseResultMap" type="com.wzh.model.Remind">
    <id column="id" jdbcType="VARCHAR" property="id" />
    <result column="reminder" jdbcType="VARCHAR" property="reminder" />
    <result column="uid" jdbcType="VARCHAR" property="uid" />
    <result column="time" jdbcType="TIMESTAMP" property="time" />
    <result column="status" jdbcType="VARCHAR" property="status" />
  </resultMap>
  <sql id="Base_Column_List">
    id, reminder, uid, time, status
  </sql>
  <select id="findAll" parameterType="java.lang.String" resultMap="BaseResultMap">
    select
    <include refid="Base_Column_List" />
    from remind
    <where>
      <if test="status != null and status != ''">
        and status like '%${status}%'
      </if>
      <if test="uid != null and uid != ''">
        and uid = #{uid,jdbcType=VARCHAR}
      </if>
    </where>
    order by time desc
  </select>
  <select id="selectByPrimaryKey" parameterType="java.lang.String" resultMap="BaseResultMap">
    select
    <include refid="Base_Column_List" />
    from remind
    where id = #{id,jdbcType=VARCHAR}
  </select>
  <delete id="deleteByPrimaryKey" parameterType="java.lang.String">
    delete from remind
    where id = #{id,jdbcType=VARCHAR}
  </delete>
  <insert id="insert" parameterType="com.wzh.model.Remind">
    insert into remind (id, reminder, uid,
      time, status)
    values (#{id,jdbcType=VARCHAR}, #{reminder,jdbcType=VARCHAR}, #{uid,jdbcType=VARCHAR},
      #{time,jdbcType=TIMESTAMP}, #{status,jdbcType=VARCHAR})
  </insert>
  <insert id="insertSelective" parameterType="com.wzh.model.Remind">
    insert into remind
    <trim prefix="(" suffix=")" suffixOverrides=",">
      <if test="id != null">
        id,
      </if>
      <if test="reminder != null">
        reminder,
      </if>
      <if test="uid != null">
        uid,
      </if>
      <if test="time != null">
        time,
      </if>
      <if test="status != null">
        status,
      </if>
    </trim>
    <trim prefix="values (" suffix=")" suffixOverrides=",">
      <if test="id != null">
        #{id,jdbcType=VARCHAR},
      </if>
      <if test="reminder != null">
        #{reminder,jdbcType=VARCHAR},
      </if>
      <if test="uid != null">
        #{uid,jdbcType=VARCHAR},
      </if>
      <if test="time != null">
        #{time,jdbcType=TIMESTAMP},
      </if>
      <if test="status != null">
        #{status,jdbcType=VARCHAR},
      </if>
    </trim>
  </insert>
  <update id="updateByPrimaryKeySelective" parameterType="com.wzh.model.Remind">
    update remind
    <set>
      <if test="reminder != null">
        reminder = #{reminder,jdbcType=VARCHAR},
      </if>
      <if test="uid != null">
        uid = #{uid,jdbcType=VARCHAR},
      </if>
      <if test="time != null">
        time = #{time,jdbcType=TIMESTAMP},
      </if>
      <if test="status != null">
        status = #{status,jdbcType=VARCHAR},
      </if>
    </set>
    where id = #{id,jdbcType=VARCHAR}
  </update>
  <update id="updateByPrimaryKey" parameterType="com.wzh.model.Remind">
    update remind
    set reminder = #{reminder,jdbcType=VARCHAR},
      uid = #{uid,jdbcType=VARCHAR},
      time = #{time,jdbcType=TIMESTAMP},
      status = #{status,jdbcType=VARCHAR}
    where id = #{id,jdbcType=VARCHAR}
  </update>
</mapper>
