<?xml version="1.0" encoding="UTF-8"?>
<!DOCTYPE mapper PUBLIC "-//mybatis.org//DTD Mapper 3.0//EN" "http://mybatis.org/dtd/mybatis-3-mapper.dtd">
<mapper namespace="com.wzh.dao.SectionMapper">
  <resultMap id="BaseResultMap" type="com.wzh.model.Section">
    <id column="id" jdbcType="VARCHAR" property="id" />
    <result column="name" jdbcType="VARCHAR" property="name" />
    <result column="tid" jdbcType="VARCHAR" property="tid" />
    <result column="time" jdbcType="TIMESTAMP" property="time" />
    <result column="parentname" jdbcType="VARCHAR" property="parentname" />
  </resultMap>
  <sql id="Base_Column_List">
    id, name, tid, time, parentname
  </sql>
  <select id="findAll" parameterType="java.lang.String" resultMap="BaseResultMap">
    SELECT h.name as hname,s.* FROM section s
    LEFT JOIN hospital h on h.id = s.tid
    <where>
      <if test="name != null and name != ''">
        and s.name like '%${name}%'
      </if>
      <if test="tid != null and tid != ''">
        and s.tid = #{tid,jdbcType=VARCHAR}
      </if>
    </where>
    order by time desc
  </select>
  <select id="selectByPrimaryKey" parameterType="java.lang.String" resultMap="BaseResultMap">
    select 
    <include refid="Base_Column_List" />
    from section
    where id = #{id,jdbcType=VARCHAR}
  </select>
  <delete id="deleteByPrimaryKey" parameterType="java.lang.String">
    delete from section
    where id = #{id,jdbcType=VARCHAR}
  </delete>
  <insert id="insert" parameterType="com.wzh.model.Section">
    insert into section (id, name, tid, 
      time, parentname)
    values (#{id,jdbcType=VARCHAR}, #{name,jdbcType=VARCHAR}, #{tid,jdbcType=VARCHAR}, 
      #{time,jdbcType=TIMESTAMP}, #{parentname,jdbcType=VARCHAR})
  </insert>
  <insert id="insertSelective" parameterType="com.wzh.model.Section">
    insert into section
    <trim prefix="(" suffix=")" suffixOverrides=",">
      <if test="id != null">
        id,
      </if>
      <if test="name != null">
        name,
      </if>
      <if test="tid != null">
        tid,
      </if>
      <if test="time != null">
        time,
      </if>
      <if test="parentname != null">
        parentname,
      </if>
    </trim>
    <trim prefix="values (" suffix=")" suffixOverrides=",">
      <if test="id != null">
        #{id,jdbcType=VARCHAR},
      </if>
      <if test="name != null">
        #{name,jdbcType=VARCHAR},
      </if>
      <if test="tid != null">
        #{tid,jdbcType=VARCHAR},
      </if>
      <if test="time != null">
        #{time,jdbcType=TIMESTAMP},
      </if>
      <if test="parentname != null">
        #{parentname,jdbcType=VARCHAR},
      </if>
    </trim>
  </insert>
  <update id="updateByPrimaryKeySelective" parameterType="com.wzh.model.Section">
    update section
    <set>
      <if test="name != null">
        name = #{name,jdbcType=VARCHAR},
      </if>
      <if test="tid != null">
        tid = #{tid,jdbcType=VARCHAR},
      </if>
      <if test="time != null">
        time = #{time,jdbcType=TIMESTAMP},
      </if>
      <if test="parentname != null">
        parentname = #{parentname,jdbcType=VARCHAR},
      </if>
    </set>
    where id = #{id,jdbcType=VARCHAR}
  </update>
  <update id="updateByPrimaryKey" parameterType="com.wzh.model.Section">
    update section
    set name = #{name,jdbcType=VARCHAR},
      tid = #{tid,jdbcType=VARCHAR},
      time = #{time,jdbcType=TIMESTAMP},
      parentname = #{parentname,jdbcType=VARCHAR}
    where id = #{id,jdbcType=VARCHAR}
  </update>

</mapper>