<?xml version="1.0" encoding="UTF-8"?>
<!DOCTYPE mapper PUBLIC "-//mybatis.org//DTD Mapper 3.0//EN" "http://mybatis.org/dtd/mybatis-3-mapper.dtd">
<mapper namespace="com.wzh.dao.ConsultMapper">
  <resultMap id="BaseResultMap" type="com.wzh.model.Consult">
    <id column="id" jdbcType="VARCHAR" property="id" />
    <result column="title" jdbcType="VARCHAR" property="title" />
    <result column="content" jdbcType="VARCHAR" property="content" />
    <result column="time" jdbcType="TIMESTAMP" property="time" />
  </resultMap>
  <sql id="Base_Column_List">
    id, title, content, time
  </sql>
  <select id="findAll" parameterType="java.lang.String" resultMap="BaseResultMap">
    select
    <include refid="Base_Column_List" />
    from consult
    <where>
      <if test="title != null and title != ''">
        and title like '%${title}%'
      </if>
    </where>
    order by time desc
  </select>
  <select id="selectByPrimaryKey" parameterType="java.lang.String" resultMap="BaseResultMap">
    select 
    <include refid="Base_Column_List" />
    from consult
    where id = #{id,jdbcType=VARCHAR}
  </select>
  <delete id="deleteByPrimaryKey" parameterType="java.lang.String">
    delete from consult
    where id = #{id,jdbcType=VARCHAR}
  </delete>
  <insert id="insert" parameterType="com.wzh.model.Consult">
    insert into consult (id, title, content, 
      time)
    values (#{id,jdbcType=VARCHAR}, #{title,jdbcType=VARCHAR}, #{content,jdbcType=VARCHAR}, 
      #{time,jdbcType=TIMESTAMP})
  </insert>
  <insert id="insertSelective" parameterType="com.wzh.model.Consult">
    insert into consult
    <trim prefix="(" suffix=")" suffixOverrides=",">
      <if test="id != null">
        id,
      </if>
      <if test="title != null">
        title,
      </if>
      <if test="content != null">
        content,
      </if>
      <if test="time != null">
        time,
      </if>
    </trim>
    <trim prefix="values (" suffix=")" suffixOverrides=",">
      <if test="id != null">
        #{id,jdbcType=VARCHAR},
      </if>
      <if test="title != null">
        #{title,jdbcType=VARCHAR},
      </if>
      <if test="content != null">
        #{content,jdbcType=VARCHAR},
      </if>
      <if test="time != null">
        #{time,jdbcType=TIMESTAMP},
      </if>
    </trim>
  </insert>
  <update id="updateByPrimaryKeySelective" parameterType="com.wzh.model.Consult">
    update consult
    <set>
      <if test="title != null">
        title = #{title,jdbcType=VARCHAR},
      </if>
      <if test="content != null">
        content = #{content,jdbcType=VARCHAR},
      </if>
      <if test="time != null">
        time = #{time,jdbcType=TIMESTAMP},
      </if>
    </set>
    where id = #{id,jdbcType=VARCHAR}
  </update>
  <update id="updateByPrimaryKey" parameterType="com.wzh.model.Consult">
    update consult
    set title = #{title,jdbcType=VARCHAR},
      content = #{content,jdbcType=VARCHAR},
      time = #{time,jdbcType=TIMESTAMP}
    where id = #{id,jdbcType=VARCHAR}
  </update>
</mapper>