<?xml version="1.0" encoding="UTF-8"?>
<!DOCTYPE mapper PUBLIC "-//mybatis.org//DTD Mapper 3.0//EN" "http://mybatis.org/dtd/mybatis-3-mapper.dtd">
<mapper namespace="com.wzh.dao.HospitalMapper">
  <resultMap id="BaseResultMap" type="com.wzh.model.Hospital">
    <id column="id" jdbcType="VARCHAR" property="id" />
    <result column="pic" jdbcType="VARCHAR" property="pic" />
    <result column="name" jdbcType="VARCHAR" property="name" />
    <result column="address" jdbcType="VARCHAR" property="address" />
    <result column="time" jdbcType="TIMESTAMP" property="time" />
  </resultMap>
  <sql id="Base_Column_List">
    id, pic, name, address, time
  </sql>
  <select id="findAll" parameterType="java.lang.String" resultMap="BaseResultMap">
    select
    <include refid="Base_Column_List" />
    from hospital
    <where>
      <if test="name != null and name != ''">
        and name like '%${name}%'
      </if>
    </where>
    order by time desc
  </select>
  <select id="selectByPrimaryKey" parameterType="java.lang.String" resultMap="BaseResultMap">
    select 
    <include refid="Base_Column_List" />
    from hospital
    where id = #{id,jdbcType=VARCHAR}
  </select>
  <delete id="deleteByPrimaryKey" parameterType="java.lang.String">
    delete from hospital
    where id = #{id,jdbcType=VARCHAR}
  </delete>
  <insert id="insert" parameterType="com.wzh.model.Hospital">
    insert into hospital (id, pic, name, 
      address, time)
    values (#{id,jdbcType=VARCHAR}, #{pic,jdbcType=VARCHAR}, #{name,jdbcType=VARCHAR}, 
      #{address,jdbcType=VARCHAR}, #{time,jdbcType=TIMESTAMP})
  </insert>
  <insert id="insertSelective" parameterType="com.wzh.model.Hospital">
    insert into hospital
    <trim prefix="(" suffix=")" suffixOverrides=",">
      <if test="id != null">
        id,
      </if>
      <if test="pic != null">
        pic,
      </if>
      <if test="name != null">
        name,
      </if>
      <if test="address != null">
        address,
      </if>
      <if test="time != null">
        time,
      </if>
    </trim>
    <trim prefix="values (" suffix=")" suffixOverrides=",">
      <if test="id != null">
        #{id,jdbcType=VARCHAR},
      </if>
      <if test="pic != null">
        #{pic,jdbcType=VARCHAR},
      </if>
      <if test="name != null">
        #{name,jdbcType=VARCHAR},
      </if>
      <if test="address != null">
        #{address,jdbcType=VARCHAR},
      </if>
      <if test="time != null">
        #{time,jdbcType=TIMESTAMP},
      </if>
    </trim>
  </insert>
  <update id="updateByPrimaryKeySelective" parameterType="com.wzh.model.Hospital">
    update hospital
    <set>
      <if test="pic != null">
        pic = #{pic,jdbcType=VARCHAR},
      </if>
      <if test="name != null">
        name = #{name,jdbcType=VARCHAR},
      </if>
      <if test="address != null">
        address = #{address,jdbcType=VARCHAR},
      </if>
      <if test="time != null">
        time = #{time,jdbcType=TIMESTAMP},
      </if>
    </set>
    where id = #{id,jdbcType=VARCHAR}
  </update>
  <update id="updateByPrimaryKey" parameterType="com.wzh.model.Hospital">
    update hospital
    set pic = #{pic,jdbcType=VARCHAR},
      name = #{name,jdbcType=VARCHAR},
      address = #{address,jdbcType=VARCHAR},
      time = #{time,jdbcType=TIMESTAMP}
    where id = #{id,jdbcType=VARCHAR}
  </update>
</mapper>