<?xml version="1.0" encoding="UTF-8"?>
<!DOCTYPE mapper PUBLIC "-//mybatis.org//DTD Mapper 3.0//EN" "http://mybatis.org/dtd/mybatis-3-mapper.dtd">
<mapper namespace="com.wzh.dao.InfoMapper">
  <resultMap id="BaseResultMap" type="com.wzh.model.Info">
    <id column="id" jdbcType="VARCHAR" property="id" />
    <result column="uid" jdbcType="VARCHAR" property="uid" />
    <result column="tid" jdbcType="VARCHAR" property="tid" />
    <result column="time" jdbcType="TIMESTAMP" property="time" />
    <result column="reminder" jdbcType="VARCHAR" property="reminder" />
  </resultMap>
  <sql id="Base_Column_List">
    id, uid, tid, time, reminder
  </sql>
  <select id="findAll" parameterType="java.lang.String" resultMap="BaseResultMap">
    select
    <include refid="Base_Column_List" />
    from info
    <where>
      <if test="reminder != null and reminder != ''">
        and reminder = #{reminder,jdbcType=VARCHAR}
      </if>
      <if test="uid != null and uid != ''">
        and uid = #{uid,jdbcType=VARCHAR}
      </if>
      <if test="time != null and time != ''">
        and time = #{time,jdbcType=VARCHAR}
      </if>
    </where>
    order by time desc
  </select>
  <select id="selectByPrimaryKey" parameterType="java.lang.String" resultMap="BaseResultMap">
    select
    <include refid="Base_Column_List" />
    from info
    where id = #{id,jdbcType=VARCHAR}
  </select>
  <delete id="deleteByPrimaryKey" parameterType="java.lang.String">
    delete from info
    where id = #{id,jdbcType=VARCHAR}
  </delete>
  <insert id="insert" parameterType="com.wzh.model.Info">
    insert into info (id, uid, tid,
      time, reminder)
    values (#{id,jdbcType=VARCHAR}, #{uid,jdbcType=VARCHAR}, #{tid,jdbcType=VARCHAR},
      #{time,jdbcType=TIMESTAMP}, #{reminder,jdbcType=VARCHAR})
  </insert>
  <insert id="insertSelective" parameterType="com.wzh.model.Info">
    insert into info
    <trim prefix="(" suffix=")" suffixOverrides=",">
      <if test="id != null">
        id,
      </if>
      <if test="uid != null">
        uid,
      </if>
      <if test="tid != null">
        tid,
      </if>
      <if test="time != null">
        time,
      </if>
      <if test="reminder != null">
        reminder,
      </if>
    </trim>
    <trim prefix="values (" suffix=")" suffixOverrides=",">
      <if test="id != null">
        #{id,jdbcType=VARCHAR},
      </if>
      <if test="uid != null">
        #{uid,jdbcType=VARCHAR},
      </if>
      <if test="tid != null">
        #{tid,jdbcType=VARCHAR},
      </if>
      <if test="time != null">
        #{time,jdbcType=TIMESTAMP},
      </if>
      <if test="reminder != null">
        #{reminder,jdbcType=VARCHAR},
      </if>
    </trim>
  </insert>
  <update id="updateByPrimaryKeySelective" parameterType="com.wzh.model.Info">
    update info
    <set>
      <if test="uid != null">
        uid = #{uid,jdbcType=VARCHAR},
      </if>
      <if test="tid != null">
        tid = #{tid,jdbcType=VARCHAR},
      </if>
      <if test="time != null">
        time = #{time,jdbcType=TIMESTAMP},
      </if>
      <if test="reminder != null">
        reminder = #{reminder,jdbcType=VARCHAR},
      </if>
    </set>
    where id = #{id,jdbcType=VARCHAR}
  </update>
  <update id="updateByPrimaryKey" parameterType="com.wzh.model.Info">
    update info
    set uid = #{uid,jdbcType=VARCHAR},
      tid = #{tid,jdbcType=VARCHAR},
      time = #{time,jdbcType=TIMESTAMP},
      reminder = #{reminder,jdbcType=VARCHAR}
    where id = #{id,jdbcType=VARCHAR}
  </update>
</mapper>
