<?xml version="1.0" encoding="UTF-8"?>
<!DOCTYPE mapper PUBLIC "-//mybatis.org//DTD Mapper 3.0//EN" "http://mybatis.org/dtd/mybatis-3-mapper.dtd">
<mapper namespace="com.wzh.dao.ManagerMapper">
  <resultMap id="BaseResultMap" type="com.wzh.model.Manager">
    <id column="id" jdbcType="VARCHAR" property="id" />
    <result column="username" jdbcType="VARCHAR" property="username" />
    <result column="pass" jdbcType="VARCHAR" property="pass" />
    <result column="nickname" jdbcType="VARCHAR" property="nickname" />
  </resultMap>
  <sql id="Base_Column_List">
    id, username, pass, nickname
  </sql>
  <select id="getByUsername" parameterType="java.lang.String" resultMap="BaseResultMap">
    select * from manager where username = #{username}
  </select>

  <select id="selectByPrimaryKey" parameterType="java.lang.String" resultMap="BaseResultMap">
    select 
    <include refid="Base_Column_List" />
    from manager
    where id = #{id,jdbcType=VARCHAR}
  </select>
  <delete id="deleteByPrimaryKey" parameterType="java.lang.String">
    delete from manager
    where id = #{id,jdbcType=VARCHAR}
  </delete>
  <insert id="insert" parameterType="com.wzh.model.Manager">
    insert into manager (id, username, pass, 
      nickname)
    values (#{id,jdbcType=VARCHAR}, #{username,jdbcType=VARCHAR}, #{pass,jdbcType=VARCHAR}, 
      #{nickname,jdbcType=VARCHAR})
  </insert>
  <insert id="insertSelective" parameterType="com.wzh.model.Manager">
    insert into manager
    <trim prefix="(" suffix=")" suffixOverrides=",">
      <if test="id != null">
        id,
      </if>
      <if test="username != null">
        username,
      </if>
      <if test="pass != null">
        pass,
      </if>
      <if test="nickname != null">
        nickname,
      </if>
    </trim>
    <trim prefix="values (" suffix=")" suffixOverrides=",">
      <if test="id != null">
        #{id,jdbcType=VARCHAR},
      </if>
      <if test="username != null">
        #{username,jdbcType=VARCHAR},
      </if>
      <if test="pass != null">
        #{pass,jdbcType=VARCHAR},
      </if>
      <if test="nickname != null">
        #{nickname,jdbcType=VARCHAR},
      </if>
    </trim>
  </insert>
  <update id="updateByPrimaryKeySelective" parameterType="com.wzh.model.Manager">
    update manager
    <set>
      <if test="username != null">
        username = #{username,jdbcType=VARCHAR},
      </if>
      <if test="pass != null">
        pass = #{pass,jdbcType=VARCHAR},
      </if>
      <if test="nickname != null">
        nickname = #{nickname,jdbcType=VARCHAR},
      </if>
    </set>
    where id = #{id,jdbcType=VARCHAR}
  </update>
  <update id="updateByPrimaryKey" parameterType="com.wzh.model.Manager">
    update manager
    set username = #{username,jdbcType=VARCHAR},
      pass = #{pass,jdbcType=VARCHAR},
      nickname = #{nickname,jdbcType=VARCHAR}
    where id = #{id,jdbcType=VARCHAR}
  </update>
</mapper>