<?xml version="1.0" encoding="UTF-8"?>
<!DOCTYPE mapper PUBLIC "-//mybatis.org//DTD Mapper 3.0//EN" "http://mybatis.org/dtd/mybatis-3-mapper.dtd">
<mapper namespace="com.wzh.dao.OrdersMapper">
  <resultMap id="BaseResultMap" type="com.wzh.model.Orders">
    <id column="id" jdbcType="VARCHAR" property="id" />
    <result column="uid" jdbcType="VARCHAR" property="uid" />
    <result column="hid" jdbcType="VARCHAR" property="hid" />
    <result column="sid" jdbcType="VARCHAR" property="sid" />
    <result column="quantum" jdbcType="VARCHAR" property="quantum" />
    <result column="date" jdbcType="VARCHAR" property="date" />
    <result column="hname" jdbcType="VARCHAR" property="hname" />
    <result column="sname" jdbcType="VARCHAR" property="sname" />
    <result column="time" jdbcType="TIMESTAMP" property="time" />
    <result column="state" jdbcType="VARCHAR" property="state" />
    <result column="content" jdbcType="VARCHAR" property="content" />
    <result column="drug" jdbcType="VARCHAR" property="drug" />
    <result column="did" jdbcType="VARCHAR" property="did" />
  </resultMap>
  <sql id="Base_Column_List">
    id, uid, hid, sid, quantum, date, hname, sname, time, state, content, drug, did
  </sql>
  <select id="findAll" parameterType="java.lang.String" resultMap="BaseResultMap">
    SELECT d.name,d.head,d.post,o.*,h.name as hosname,h.address,u.head as uhead,u.nickname,u.sex,u.age FROM orders o
    LEFT JOIN doctor d on d.id = o.did
    LEFT JOIN hospital h on h.id = o.hid
    LEFT JOIN `user` u on u.id = o.uid
    <where>
      <if test="hname != null and hname != ''">
        and o.hname like '%${hname}%'
      </if>
      <if test="date != null and date != ''">
        and o.date = #{date,jdbcType=VARCHAR}
      </if>
      <if test="state != null and state != ''">
        and o.state = #{state,jdbcType=VARCHAR}
      </if>
      <if test="quantum != null and quantum != ''">
        and o.quantum = #{quantum,jdbcType=VARCHAR}
      </if>
      <if test="uid != null and uid != ''">
        and o.uid = #{uid,jdbcType=VARCHAR}
      </if>
      <if test="did != null and did != ''">
        and o.did = #{did,jdbcType=VARCHAR}
      </if>
      <if test="hid != null and hid != ''">
        and o.hid = #{hid,jdbcType=VARCHAR}
      </if>
      <if test="sid != null and sid != ''">
        and o.sid = #{sid,jdbcType=VARCHAR}
      </if>
    </where>
    order by time desc
  </select>
  <select id="findDATE" parameterType="java.lang.String" resultMap="BaseResultMap">
    SELECT d.name,d.head,d.post,o.*,h.name as hosname,h.address,u.head as uhead,u.nickname,u.sex,u.age FROM orders o
    LEFT JOIN doctor d on d.id = o.did
    LEFT JOIN hospital h on h.id = o.hid
    LEFT JOIN `user` u on u.id = o.uid
    <where>
      <if test="hname != null and hname != ''">
        and o.hname like '%${hname}%'
      </if>
      <if test="date != null and date != ''">
        and o.date = #{date,jdbcType=VARCHAR}
      </if>
      <if test="state != null and state != ''">
        and o.state = #{state,jdbcType=VARCHAR}
      </if>
      <if test="quantum != null and quantum != ''">
        and o.quantum = #{quantum,jdbcType=VARCHAR}
      </if>
      <if test="uid != null and uid != ''">
        and o.uid = #{uid,jdbcType=VARCHAR}
      </if>
      <if test="did != null and did != ''">
        and o.did = #{did,jdbcType=VARCHAR}
      </if>
      <if test="hid != null and hid != ''">
        and o.hid = #{hid,jdbcType=VARCHAR}
      </if>
      <if test="sid != null and sid != ''">
        and o.sid = #{sid,jdbcType=VARCHAR}
      </if>
      and DATE(date) = CURDATE()
    </where>
    order by time desc
  </select>
  <select id="selectByPrimaryKey" parameterType="java.lang.String" resultMap="BaseResultMap">
    select 
    <include refid="Base_Column_List" />
    from orders
    where id = #{id,jdbcType=VARCHAR}
  </select>
  <delete id="deleteByPrimaryKey" parameterType="java.lang.String">
    delete from orders
    where id = #{id,jdbcType=VARCHAR}
  </delete>
  <insert id="insert" parameterType="com.wzh.model.Orders">
    insert into orders (id, uid, hid, 
      sid, quantum, date, 
      hname, sname, time, 
      state, content, drug, 
      did)
    values (#{id,jdbcType=VARCHAR}, #{uid,jdbcType=VARCHAR}, #{hid,jdbcType=VARCHAR}, 
      #{sid,jdbcType=VARCHAR}, #{quantum,jdbcType=VARCHAR}, #{date,jdbcType=VARCHAR}, 
      #{hname,jdbcType=VARCHAR}, #{sname,jdbcType=VARCHAR}, #{time,jdbcType=TIMESTAMP}, 
      #{state,jdbcType=VARCHAR}, #{content,jdbcType=VARCHAR}, #{drug,jdbcType=VARCHAR}, 
      #{did,jdbcType=VARCHAR})
  </insert>
  <insert id="insertSelective" parameterType="com.wzh.model.Orders">
    insert into orders
    <trim prefix="(" suffix=")" suffixOverrides=",">
      <if test="id != null">
        id,
      </if>
      <if test="uid != null">
        uid,
      </if>
      <if test="hid != null">
        hid,
      </if>
      <if test="sid != null">
        sid,
      </if>
      <if test="quantum != null">
        quantum,
      </if>
      <if test="date != null">
        date,
      </if>
      <if test="hname != null">
        hname,
      </if>
      <if test="sname != null">
        sname,
      </if>
      <if test="time != null">
        time,
      </if>
      <if test="state != null">
        state,
      </if>
      <if test="content != null">
        content,
      </if>
      <if test="drug != null">
        drug,
      </if>
      <if test="did != null">
        did,
      </if>
    </trim>
    <trim prefix="values (" suffix=")" suffixOverrides=",">
      <if test="id != null">
        #{id,jdbcType=VARCHAR},
      </if>
      <if test="uid != null">
        #{uid,jdbcType=VARCHAR},
      </if>
      <if test="hid != null">
        #{hid,jdbcType=VARCHAR},
      </if>
      <if test="sid != null">
        #{sid,jdbcType=VARCHAR},
      </if>
      <if test="quantum != null">
        #{quantum,jdbcType=VARCHAR},
      </if>
      <if test="date != null">
        #{date,jdbcType=VARCHAR},
      </if>
      <if test="hname != null">
        #{hname,jdbcType=VARCHAR},
      </if>
      <if test="sname != null">
        #{sname,jdbcType=VARCHAR},
      </if>
      <if test="time != null">
        #{time,jdbcType=TIMESTAMP},
      </if>
      <if test="state != null">
        #{state,jdbcType=VARCHAR},
      </if>
      <if test="content != null">
        #{content,jdbcType=VARCHAR},
      </if>
      <if test="drug != null">
        #{drug,jdbcType=VARCHAR},
      </if>
      <if test="did != null">
        #{did,jdbcType=VARCHAR},
      </if>
    </trim>
  </insert>
  <update id="updateByPrimaryKeySelective" parameterType="com.wzh.model.Orders">
    update orders
    <set>
      <if test="uid != null">
        uid = #{uid,jdbcType=VARCHAR},
      </if>
      <if test="hid != null">
        hid = #{hid,jdbcType=VARCHAR},
      </if>
      <if test="sid != null">
        sid = #{sid,jdbcType=VARCHAR},
      </if>
      <if test="quantum != null">
        quantum = #{quantum,jdbcType=VARCHAR},
      </if>
      <if test="date != null">
        date = #{date,jdbcType=VARCHAR},
      </if>
      <if test="hname != null">
        hname = #{hname,jdbcType=VARCHAR},
      </if>
      <if test="sname != null">
        sname = #{sname,jdbcType=VARCHAR},
      </if>
      <if test="time != null">
        time = #{time,jdbcType=TIMESTAMP},
      </if>
      <if test="state != null">
        state = #{state,jdbcType=VARCHAR},
      </if>
      <if test="content != null">
        content = #{content,jdbcType=VARCHAR},
      </if>
      <if test="drug != null">
        drug = #{drug,jdbcType=VARCHAR},
      </if>
      <if test="did != null">
        did = #{did,jdbcType=VARCHAR},
      </if>
    </set>
    where id = #{id,jdbcType=VARCHAR}
  </update>
  <update id="updateByPrimaryKey" parameterType="com.wzh.model.Orders">
    update orders
    set uid = #{uid,jdbcType=VARCHAR},
      hid = #{hid,jdbcType=VARCHAR},
      sid = #{sid,jdbcType=VARCHAR},
      quantum = #{quantum,jdbcType=VARCHAR},
      date = #{date,jdbcType=VARCHAR},
      hname = #{hname,jdbcType=VARCHAR},
      sname = #{sname,jdbcType=VARCHAR},
      time = #{time,jdbcType=TIMESTAMP},
      state = #{state,jdbcType=VARCHAR},
      content = #{content,jdbcType=VARCHAR},
      drug = #{drug,jdbcType=VARCHAR},
      did = #{did,jdbcType=VARCHAR}
    where id = #{id,jdbcType=VARCHAR}
  </update>

</mapper>