<?xml version="1.0" encoding="UTF-8"?>
<!DOCTYPE mapper PUBLIC "-//mybatis.org//DTD Mapper 3.0//EN" "http://mybatis.org/dtd/mybatis-3-mapper.dtd">
<mapper namespace="com.wzh.dao.UserMapper">
  <resultMap id="BaseResultMap" type="com.wzh.model.User">
    <id column="id" jdbcType="VARCHAR" property="id" />
    <result column="username" jdbcType="VARCHAR" property="username" />
    <result column="pass" jdbcType="VARCHAR" property="pass" />
    <result column="head" jdbcType="VARCHAR" property="head" />
    <result column="nickname" jdbcType="VARCHAR" property="nickname" />
    <result column="tel" jdbcType="VARCHAR" property="tel" />
    <result column="time" jdbcType="TIMESTAMP" property="time" />
    <result column="sex" jdbcType="VARCHAR" property="sex" />
    <result column="age" jdbcType="INTEGER" property="age" />
  </resultMap>
  <sql id="Base_Column_List">
    id, username, pass, head, nickname, tel, time, sex, age
  </sql>
  <select id="getByUsername" parameterType="java.lang.String" resultMap="BaseResultMap">
    select * from user where username = #{username}
  </select>
  <select id="findAll" parameterType="java.lang.String" resultMap="BaseResultMap">
    select
    <include refid="Base_Column_List" />
    from
    user
    <where>
      <if test="nickname != null and nickname != ''">
        nickname like '%${nickname}%'
      </if>
    </where>
    order by time desc
  </select>
  <select id="selectByPrimaryKey" parameterType="java.lang.String" resultMap="BaseResultMap">
    select 
    <include refid="Base_Column_List" />
    from user
    where id = #{id,jdbcType=VARCHAR}
  </select>
  <delete id="deleteByPrimaryKey" parameterType="java.lang.String">
    delete from user
    where id = #{id,jdbcType=VARCHAR}
  </delete>
  <insert id="insert" parameterType="com.wzh.model.User">
    insert into user (id, username, pass, 
      head, nickname, tel, 
      time, sex, age)
    values (#{id,jdbcType=VARCHAR}, #{username,jdbcType=VARCHAR}, #{pass,jdbcType=VARCHAR}, 
      #{head,jdbcType=VARCHAR}, #{nickname,jdbcType=VARCHAR}, #{tel,jdbcType=VARCHAR}, 
      #{time,jdbcType=TIMESTAMP}, #{sex,jdbcType=VARCHAR}, #{age,jdbcType=INTEGER})
  </insert>
  <insert id="insertSelective" parameterType="com.wzh.model.User">
    insert into user
    <trim prefix="(" suffix=")" suffixOverrides=",">
      <if test="id != null">
        id,
      </if>
      <if test="username != null">
        username,
      </if>
      <if test="pass != null">
        pass,
      </if>
      <if test="head != null">
        head,
      </if>
      <if test="nickname != null">
        nickname,
      </if>
      <if test="tel != null">
        tel,
      </if>
      <if test="time != null">
        time,
      </if>
      <if test="sex != null">
        sex,
      </if>
      <if test="age != null">
        age,
      </if>
    </trim>
    <trim prefix="values (" suffix=")" suffixOverrides=",">
      <if test="id != null">
        #{id,jdbcType=VARCHAR},
      </if>
      <if test="username != null">
        #{username,jdbcType=VARCHAR},
      </if>
      <if test="pass != null">
        #{pass,jdbcType=VARCHAR},
      </if>
      <if test="head != null">
        #{head,jdbcType=VARCHAR},
      </if>
      <if test="nickname != null">
        #{nickname,jdbcType=VARCHAR},
      </if>
      <if test="tel != null">
        #{tel,jdbcType=VARCHAR},
      </if>
      <if test="time != null">
        #{time,jdbcType=TIMESTAMP},
      </if>
      <if test="sex != null">
        #{sex,jdbcType=VARCHAR},
      </if>
      <if test="age != null">
        #{age,jdbcType=INTEGER},
      </if>
    </trim>
  </insert>
  <update id="updateByPrimaryKeySelective" parameterType="com.wzh.model.User">
    update user
    <set>
      <if test="username != null">
        username = #{username,jdbcType=VARCHAR},
      </if>
      <if test="pass != null">
        pass = #{pass,jdbcType=VARCHAR},
      </if>
      <if test="head != null">
        head = #{head,jdbcType=VARCHAR},
      </if>
      <if test="nickname != null">
        nickname = #{nickname,jdbcType=VARCHAR},
      </if>
      <if test="tel != null">
        tel = #{tel,jdbcType=VARCHAR},
      </if>
      <if test="time != null">
        time = #{time,jdbcType=TIMESTAMP},
      </if>
      <if test="sex != null">
        sex = #{sex,jdbcType=VARCHAR},
      </if>
      <if test="age != null">
        age = #{age,jdbcType=INTEGER},
      </if>
    </set>
    where id = #{id,jdbcType=VARCHAR}
  </update>
  <update id="updateByPrimaryKey" parameterType="com.wzh.model.User">
    update user
    set username = #{username,jdbcType=VARCHAR},
      pass = #{pass,jdbcType=VARCHAR},
      head = #{head,jdbcType=VARCHAR},
      nickname = #{nickname,jdbcType=VARCHAR},
      tel = #{tel,jdbcType=VARCHAR},
      time = #{time,jdbcType=TIMESTAMP},
      sex = #{sex,jdbcType=VARCHAR},
      age = #{age,jdbcType=INTEGER}
    where id = #{id,jdbcType=VARCHAR}
  </update>
</mapper>