{
  "homeInfo": {
    "title": "HOME",
    "href": "/main"
  },
  "logoInfo": {
    "title": "Hospital",
    "image": "../static/recourse/images/logo.png",
    "href": ""
  },
  "menuInfo": [
    {
      "title": "",
      "icon": "fa fa-address-book",
      "href": "",
      "target": "_self",
      "child": [
        {
          "title": "User Management",
          "href": "/user/tolist",
          "target": "_self"
        },
        {
          "title": "Hospital Management",
          "href": "/hospital/tolist",
          "target": "_self"
        },
        {
          "title": "Section Management",
          "href": "/section/tolist",
          "target": "_self"
        },
        {
          "title": "Doctor Management",
          "href": "/doctor/tolist",
          "target": "_self"
        },
        {
          "title": "Online reference",
          "href": "/consult/tolist",
          "target": "_self"
        },
        {
          "title": "View appointment",
          "href": "/orders/tolist",
          "target": "_self"
        }


      ]
    }
  ]
}
